final_rank,candidate_id,template_id,template_name,template_path,template_formula,formula,mapping_json,n_sites,is_known_formula,proxy_TC_300K,proxy_abs_error,composition_OOD_distance,proxy_score,initial_cif_path,initial_formula_check,initial_volume,initial_min_distance,initial_lattice_scale,relaxed_cif_path,relaxed_formula_check,relaxed_volume,volume_change_percent,final_total_energy_eV,final_energy_per_atom_eV,final_max_force_eV_per_A,relax_converged,TC_CGCNN,TC_CGCNN_raw,graph_OOD_count,graph_OOD_features,graph_n_atoms,graph_n_elements,graph_mean_degree,graph_edge_length_mean,graph_edge_length_std,graph_edge_length_min,graph_edge_length_max,target_TC,target_temperature_K,model_abs_error,composition_OOD_ratio,passes_composition_domain,passes_graph_domain,passes_relaxation_sanity,passes_all_diagnostic_checks
1,cand_0012,24,mp-22811_InCuSe2,C:\Users\Admin\Downloads\final_CGCNN_GNN_model_for_TE_TC\model_edited\downloaded_cif_TE\mp-22811_InCuSe2.cif,InCuSe2,Tm2ZnSb,"{""Cu"": ""Zn"", ""In"": ""Sb"", ""Se"": ""Tm""}",8,False,0.8241535821999935,0.024153582199993417,1.815907597541809,0.11494896207708388,C:\Users\Admin\Downloads\final_CGCNN_GNN_model_for_TE_TC\model_edited\inverse_design_CGCNN_Prototype_CHGNet_TC0p8_T300K\initial_cifs\cand_0012__Tm2ZnSb.cif,Tm2ZnSb,381.0963413891276,3.0199943037554156,1.2470817120622566,C:\Users\Admin\Downloads\final_CGCNN_GNN_model_for_TE_TC\model_edited\inverse_design_CGCNN_Prototype_CHGNet_TC0p8_T300K\relaxed_cifs\cand_0012__Tm2ZnSb__relaxed.cif,Tm2ZnSb,309.01818809529493,-18.9133679507659,-27.82273292541504,-3.47784161567688,0.022762141192944153,True,0.7953508496284485,0.7953508496284485,2,"edge_length_mean,edge_length_std",8.0,3.0,12.0,4.161281108856201,0.8724328875541687,2.922454357147217,4.787464141845703,0.8,300.0,0.004649150371551558,3.818818104376279,False,False,True,False
2,cand_0010,39,mp-7427_Ba(ZnAs)2,C:\Users\Admin\Downloads\final_CGCNN_GNN_model_for_TE_TC\model_edited\downloaded_cif_TE\mp-7427_Ba(ZnAs)2.cif,Ba(ZnAs)2,Eu2In2As,"{""As"": ""Eu"", ""Ba"": ""As"", ""Zn"": ""In""}",20,False,0.7244266290131602,0.0755733709868398,0.6480912566184998,0.1079779338177648,C:\Users\Admin\Downloads\final_CGCNN_GNN_model_for_TE_TC\model_edited\inverse_design_CGCNN_Prototype_CHGNet_TC0p8_T300K\initial_cifs\cand_0010__Eu2In2As.cif,Eu2In2As,703.7873224710831,2.8740184112554004,1.1463414634146338,C:\Users\Admin\Downloads\final_CGCNN_GNN_model_for_TE_TC\model_edited\inverse_design_CGCNN_Prototype_CHGNet_TC0p8_T300K\relaxed_cifs\cand_0010__Eu2In2As__relaxed.cif,Eu2In2As,614.6801868349881,-12.661088483837556,-136.283447265625,-6.81417236328125,0.027961714086179132,True,0.7651084065437317,0.7651084065437317,0,,20.0,3.0,12.0,3.6085762977600098,0.552318811416626,2.919829845428467,4.676037311553955,0.8,300.0,0.034891593456268355,1.3629232166950704,False,True,True,False
3,cand_0013,39,mp-7427_Ba(ZnAs)2,C:\Users\Admin\Downloads\final_CGCNN_GNN_model_for_TE_TC\model_edited\downloaded_cif_TE\mp-7427_Ba(ZnAs)2.cif,Ba(ZnAs)2,Ag2PbSe2,"{""As"": ""Se"", ""Ba"": ""Pb"", ""Zn"": ""Ag""}",20,False,0.856357555756601,0.05635755575660095,1.2336907386779785,0.11804209269049988,C:\Users\Admin\Downloads\final_CGCNN_GNN_model_for_TE_TC\model_edited\inverse_design_CGCNN_Prototype_CHGNet_TC0p8_T300K\initial_cifs\cand_0013__Ag2PbSe2.cif,Ag2PbSe2,426.2272277701488,2.4315850388093243,0.9698708751793397,C:\Users\Admin\Downloads\final_CGCNN_GNN_model_for_TE_TC\model_edited\inverse_design_CGCNN_Prototype_CHGNet_TC0p8_T300K\relaxed_cifs\cand_0013__Ag2PbSe2__relaxed.cif,Ag2PbSe2,511.6078374264083,20.031711747496026,-73.4736328125,-3.673681640625,0.039752228437397896,True,0.7364330887794495,0.7364330887794495,0,,20.0,3.0,12.0,3.4691779613494873,0.5896527171134949,2.615269899368286,4.330866813659668,0.8,300.0,0.06356691122055058,2.5944274556934546,False,True,True,False
4,cand_0018,12,mp-12360_AgSbTe2,C:\Users\Admin\Downloads\final_CGCNN_GNN_model_for_TE_TC\model_edited\downloaded_cif_TE\mp-12360_AgSbTe2.cif,AgSbTe2,EuAsO2,"{""Ag"": ""As"", ""Sb"": ""Eu"", ""Te"": ""O""}",4,False,0.821782152219311,0.021782152219310902,2.095628261566162,0.12656356529761903,C:\Users\Admin\Downloads\final_CGCNN_GNN_model_for_TE_TC\model_edited\inverse_design_CGCNN_Prototype_CHGNet_TC0p8_T300K\initial_cifs\cand_0018__EuAsO2.cif,EuAsO2,59.472422438720166,2.424853632270737,0.8017857142857143,C:\Users\Admin\Downloads\final_CGCNN_GNN_model_for_TE_TC\model_edited\inverse_design_CGCNN_Prototype_CHGNet_TC0p8_T300K\relaxed_cifs\cand_0018__EuAsO2__relaxed.cif,EuAsO2,61.68908639683498,3.727213164049009,-31.706077575683594,-7.926519393920898,0.03944165925716064,True,0.7139697670936584,0.7139697670936584,0,,4.0,3.0,12.0,2.9837520122528076,0.4938868582248688,2.4853107929229736,3.4907925128936768,0.8,300.0,0.0860302329063416,4.407065181149556,False,True,True,False
5,cand_0008,36,mp-686651_Ca9LaTi10O30,C:\Users\Admin\Downloads\final_CGCNN_GNN_model_for_TE_TC\model_edited\downloaded_cif_TE\mp-686651_Ca9LaTi10O30.cif,Ca9LaTi10O30,Eu10Ru(Se3O10)3,"{""Ca"": ""Se"", ""La"": ""Ru"", ""O"": ""O"", ""Ti"": ""Eu""}",100,False,0.774656637207162,0.025343362792837998,1.6255475282669067,0.10662073920618334,C:\Users\Admin\Downloads\final_CGCNN_GNN_model_for_TE_TC\model_edited\inverse_design_CGCNN_Prototype_CHGNet_TC0p8_T300K\initial_cifs\cand_0008__Eu10Ru_Se3O10_3.cif,Eu10Ru(Se3O10)3,1041.3792798207735,1.8674963387060783,0.9655557624278533,C:\Users\Admin\Downloads\final_CGCNN_GNN_model_for_TE_TC\model_edited\inverse_design_CGCNN_Prototype_CHGNet_TC0p8_T300K\relaxed_cifs\cand_0008__Eu10Ru_Se3O10_3__relaxed.cif,Eu10Ru(Se3O10)3,1549.0555730833291,48.75037396076569,-805.9639892578125,-8.059639892578126,0.06425515237961203,False,0.6513752341270447,0.6513752341270447,1,edge_length_min,100.0,4.0,12.0,2.9248039722442627,0.5385600924491882,1.7199304103851318,3.9419326782226562,0.8,300.0,0.14862476587295537,3.418494607805533,False,False,False,False
6,cand_0004,21,mp-22261_InCuTe2,C:\Users\Admin\Downloads\final_CGCNN_GNN_model_for_TE_TC\model_edited\downloaded_cif_TE\mp-22261_InCuTe2.cif,InCuTe2,TlCdSe2,"{""Cu"": ""Cd"", ""In"": ""Tl"", ""Te"": ""Se""}",8,False,0.813660493896101,0.013660493896100911,1.6731616258621216,0.097318575189207,C:\Users\Admin\Downloads\final_CGCNN_GNN_model_for_TE_TC\model_edited\inverse_design_CGCNN_Prototype_CHGNet_TC0p8_T300K\initial_cifs\cand_0004__TlCdSe2.cif,TlCdSe2,215.87588638200836,2.485447803395996,0.9618181818181817,C:\Users\Admin\Downloads\final_CGCNN_GNN_model_for_TE_TC\model_edited\inverse_design_CGCNN_Prototype_CHGNet_TC0p8_T300K\relaxed_cifs\cand_0004__TlCdSe2__relaxed.cif,TlCdSe2,271.91902348672147,25.96081389356319,-25.683372497558594,-3.210421562194824,0.028929240598879635,True,0.6362949013710022,0.6362949013710022,2,"edge_length_mean,edge_length_std",8.0,3.0,12.0,3.955950975418091,0.8193979263305664,2.6882681846618652,4.737997055053711,0.8,300.0,0.16370509862899785,3.518626122297949,False,False,True,False
7,cand_0001,24,mp-22811_InCuSe2,C:\Users\Admin\Downloads\final_CGCNN_GNN_model_for_TE_TC\model_edited\downloaded_cif_TE\mp-22811_InCuSe2.cif,InCuSe2,TlSbSe2,"{""Cu"": ""Sb"", ""In"": ""Tl"", ""Se"": ""Se""}",8,False,0.8005723592235934,0.0005723592235933328,1.6729906797409058,0.08422189321063862,C:\Users\Admin\Downloads\final_CGCNN_GNN_model_for_TE_TC\model_edited\inverse_design_CGCNN_Prototype_CHGNet_TC0p8_T300K\initial_cifs\cand_0001__TlSbSe2.cif,TlSbSe2,208.18745293869281,2.468762894177595,1.0194552529182879,C:\Users\Admin\Downloads\final_CGCNN_GNN_model_for_TE_TC\model_edited\inverse_design_CGCNN_Prototype_CHGNet_TC0p8_T300K\relaxed_cifs\cand_0001__TlSbSe2__relaxed.cif,TlSbSe2,314.62972692094695,51.12809272593355,-30.96169090270996,-3.870211362838745,0.024907356519630906,True,0.6147734522819519,0.6147734522819519,3,"edge_length_mean,edge_length_std,edge_length_max",8.0,3.0,12.0,4.136428356170654,0.8583307862281799,2.752702474594116,5.087812423706055,0.8,300.0,0.18522654771804814,3.518266625953831,False,False,False,False
8,cand_0019,21,mp-22261_InCuTe2,C:\Users\Admin\Downloads\final_CGCNN_GNN_model_for_TE_TC\model_edited\downloaded_cif_TE\mp-22261_InCuTe2.cif,InCuTe2,Eu2CuTe,"{""Cu"": ""Te"", ""In"": ""Cu"", ""Te"": ""Eu""}",8,False,0.7851131098602545,0.014886890139745534,2.2386481761932373,0.1268192989494074,C:\Users\Admin\Downloads\final_CGCNN_GNN_model_for_TE_TC\model_edited\inverse_design_CGCNN_Prototype_CHGNet_TC0p8_T300K\initial_cifs\cand_0019__Eu2CuTe.cif,Eu2CuTe,430.7842387030805,3.1291271021960934,1.210909090909091,C:\Users\Admin\Downloads\final_CGCNN_GNN_model_for_TE_TC\model_edited\inverse_design_CGCNN_Prototype_CHGNet_TC0p8_T300K\relaxed_cifs\cand_0019__Eu2CuTe__relaxed.cif,Eu2CuTe,326.9566431544277,-24.101994971133646,-59.329559326171875,-7.416194915771484,0.0022796275101571012,True,1.0203272104263306,1.0203272104263306,3,"edge_length_mean,edge_length_std,edge_length_max",8.0,3.0,12.0,4.204524993896484,0.8701144456863403,2.8543097972869873,5.042206287384033,0.8,300.0,0.22032721042633052,4.707833259879757,False,False,True,False
9,cand_0005,41,mp-9257_Yb(CdSb)2,C:\Users\Admin\Downloads\final_CGCNN_GNN_model_for_TE_TC\model_edited\downloaded_cif_TE\mp-9257_Yb(CdSb)2.cif,Yb(CdSb)2,Yb(TmAs)2,"{""Cd"": ""Tm"", ""Sb"": ""As"", ""Yb"": ""Yb""}",5,False,0.7989001037922603,0.001099896207739759,2.0428972244262695,0.10324475742905324,C:\Users\Admin\Downloads\final_CGCNN_GNN_model_for_TE_TC\model_edited\inverse_design_CGCNN_Prototype_CHGNet_TC0p8_T300K\initial_cifs\cand_0005__Yb_TmAs_2.cif,Yb(TmAs)2,169.90499825789314,3.1122762430558137,1.0690571049136788,C:\Users\Admin\Downloads\final_CGCNN_GNN_model_for_TE_TC\model_edited\inverse_design_CGCNN_Prototype_CHGNet_TC0p8_T300K\relaxed_cifs\cand_0005__Yb_TmAs_2__relaxed.cif,Yb(TmAs)2,131.52852008833557,-22.587021313703318,-26.119794845581055,-5.223958969116211,0.026378393260993206,True,0.5791623592376709,0.5791623592376709,0,,5.0,3.0,12.0,3.507385015487671,0.6130812764167786,2.7547810077667236,4.465618133544922,0.8,300.0,0.22083764076232915,4.29617284303447,False,True,True,False
10,cand_0003,20,mp-20554_InAgSe2,C:\Users\Admin\Downloads\final_CGCNN_GNN_model_for_TE_TC\model_edited\downloaded_cif_TE\mp-20554_InAgSe2.cif,InAgSe2,Tm2GaSb,"{""Ag"": ""Ga"", ""In"": ""Sb"", ""Se"": ""Tm""}",8,False,0.8033564072113246,0.0033564072113245746,1.6846901178359985,0.0875909131031245,C:\Users\Admin\Downloads\final_CGCNN_GNN_model_for_TE_TC\model_edited\inverse_design_CGCNN_Prototype_CHGNet_TC0p8_T300K\initial_cifs\cand_0003__Tm2GaSb.cif,Tm2GaSb,403.93261852989133,3.1749457259559293,1.2163187855787478,C:\Users\Admin\Downloads\final_CGCNN_GNN_model_for_TE_TC\model_edited\inverse_design_CGCNN_Prototype_CHGNet_TC0p8_T300K\relaxed_cifs\cand_0003__Tm2GaSb__relaxed.cif,Tm2GaSb,303.0791719694417,-24.967888685866654,-32.47218704223633,-4.059023380279541,0.025896749254358444,True,1.1156036853790283,1.1156036853790283,2,"edge_length_mean,edge_length_std",8.0,3.0,12.0,4.116430282592773,0.8541401028633118,2.8678855895996094,4.783485412597656,0.8,300.0,0.3156036853790283,3.5428703150782392,False,False,True,False
11,cand_0002,2,mp-1216671_TmCuTe2,C:\Users\Admin\Downloads\final_CGCNN_GNN_model_for_TE_TC\model_edited\downloaded_cif_TE\mp-1216671_TmCuTe2.cif,TmCuTe2,Eu2SbAs,"{""Cu"": ""As"", ""Te"": ""Eu"", ""Tm"": ""Sb""}",4,False,0.7832890471449283,0.016710952855071737,1.38883376121521,0.08615264091583223,C:\Users\Admin\Downloads\final_CGCNN_GNN_model_for_TE_TC\model_edited\inverse_design_CGCNN_Prototype_CHGNet_TC0p8_T300K\initial_cifs\cand_0002__Eu2SbAs.cif,Eu2SbAs,145.35333718924636,2.8342688881562594,1.093645484949833,C:\Users\Admin\Downloads\final_CGCNN_GNN_model_for_TE_TC\model_edited\inverse_design_CGCNN_Prototype_CHGNet_TC0p8_T300K\relaxed_cifs\cand_0002__Eu2SbAs__relaxed.cif,Eu2SbAs,138.76440926909444,-4.533042066707626,-33.06341552734375,-8.265853881835938,0.05818536300440433,False,0.46883606910705566,0.46883606910705566,1,edge_length_max,4.0,3.0,12.0,3.8029701709747314,0.7503769397735596,2.9774277210235596,5.156588077545166,0.8,300.0,0.3311639308929444,2.920690192869538,False,False,False,False
12,cand_0006,13,mp-1288145_LaCoO3,C:\Users\Admin\Downloads\final_CGCNN_GNN_model_for_TE_TC\model_edited\downloaded_cif_TE\mp-1288145_LaCoO3.cif,LaCoO3,EuSO3,"{""Co"": ""S"", ""La"": ""Eu"", ""O"": ""O""}",10,False,0.7823333468285664,0.017666653171433677,1.7154029607772827,0.10343680121029782,C:\Users\Admin\Downloads\final_CGCNN_GNN_model_for_TE_TC\model_edited\inverse_design_CGCNN_Prototype_CHGNet_TC0p8_T300K\initial_cifs\cand_0006__EuSO3.cif,EuSO3,99.16995768794632,1.8172432686158644,0.9435028248587572,C:\Users\Admin\Downloads\final_CGCNN_GNN_model_for_TE_TC\model_edited\inverse_design_CGCNN_Prototype_CHGNet_TC0p8_T300K\relaxed_cifs\cand_0006__EuSO3__relaxed.cif,EuSO3,145.99882588689331,47.22082099329043,-83.3515625,-8.33515625,0.03017221245611419,True,1.1408149003982544,1.1408149003982544,1,edge_length_min,10.0,3.0,12.0,2.8491404056549072,0.550351619720459,1.5431475639343262,3.705920934677124,0.8,300.0,0.34081490039825435,3.607458822125521,False,False,True,False
13,cand_0014,12,mp-12360_AgSbTe2,C:\Users\Admin\Downloads\final_CGCNN_GNN_model_for_TE_TC\model_edited\downloaded_cif_TE\mp-12360_AgSbTe2.cif,AgSbTe2,SbPb2Se,"{""Ag"": ""Se"", ""Sb"": ""Sb"", ""Te"": ""Pb""}",4,False,0.7988611766439131,0.0011388233560869487,2.3728528022766113,0.11978146346991753,C:\Users\Admin\Downloads\final_CGCNN_GNN_model_for_TE_TC\model_edited\inverse_design_CGCNN_Prototype_CHGNet_TC0p8_T300K\initial_cifs\cand_0014__SbPb2Se.cif,SbPb2Se,109.90853071468742,2.975711250292151,0.9839285714285715,C:\Users\Admin\Downloads\final_CGCNN_GNN_model_for_TE_TC\model_edited\inverse_design_CGCNN_Prototype_CHGNet_TC0p8_T300K\relaxed_cifs\cand_0014__SbPb2Se__relaxed.cif,SbPb2Se,125.84646897007076,14.50109300137656,-16.764768600463867,-4.191192150115967,0.039689567073162194,True,1.1970398426055908,1.1970398426055908,0,,4.0,3.0,12.0,3.782302141189575,0.6283459067344666,3.0981509685516357,4.497305870056152,0.8,300.0,0.3970398426055908,4.990062959492232,False,True,True,False
14,cand_0011,21,mp-22261_InCuTe2,C:\Users\Admin\Downloads\final_CGCNN_GNN_model_for_TE_TC\model_edited\downloaded_cif_TE\mp-22261_InCuTe2.cif,InCuTe2,TeAs2Pb,"{""Cu"": ""Pb"", ""In"": ""Te"", ""Te"": ""As""}",8,False,0.8137451615722123,0.013745161572212283,1.9898031949996948,0.11323532132219703,C:\Users\Admin\Downloads\final_CGCNN_GNN_model_for_TE_TC\model_edited\inverse_design_CGCNN_Prototype_CHGNet_TC0p8_T300K\initial_cifs\cand_0011__TeAs2Pb.cif,TeAs2Pb,207.4190432497469,2.4525590800996415,0.9490909090909091,C:\Users\Admin\Downloads\final_CGCNN_GNN_model_for_TE_TC\model_edited\inverse_design_CGCNN_Prototype_CHGNet_TC0p8_T300K\relaxed_cifs\cand_0011__TeAs2Pb__relaxed.cif,TeAs2Pb,262.98281111666273,26.78817093954735,-31.467552185058594,-3.933444023132324,0.03481293092007256,True,1.3705083131790161,1.3705083131790161,1,edge_length_std,8.0,3.0,12.0,3.9260101318359375,0.8161528706550598,2.7103073596954346,4.614709377288818,0.8,300.0,0.5705083131790161,4.184517139251436,False,False,True,False
15,cand_0015,24,mp-22811_InCuSe2,C:\Users\Admin\Downloads\final_CGCNN_GNN_model_for_TE_TC\model_edited\downloaded_cif_TE\mp-22811_InCuSe2.cif,InCuSe2,InPbSe2,"{""Cu"": ""Pb"", ""In"": ""In"", ""Se"": ""Se""}",8,False,0.7334536360086499,0.06654636399135017,1.0799344778060913,0.12054308788165474,C:\Users\Admin\Downloads\final_CGCNN_GNN_model_for_TE_TC\model_edited\inverse_design_CGCNN_Prototype_CHGNet_TC0p8_T300K\initial_cifs\cand_0015__InPbSe2.cif,InPbSe2,212.99159142601394,2.487608412453759,1.0272373540856028,C:\Users\Admin\Downloads\final_CGCNN_GNN_model_for_TE_TC\model_edited\inverse_design_CGCNN_Prototype_CHGNet_TC0p8_T300K\relaxed_cifs\cand_0015__InPbSe2__relaxed.cif,InPbSe2,282.84951136314635,32.79844029025845,-32.428035736083984,-4.053504467010498,0.02097398137282751,True,1.4339896440505981,1.4339896440505981,3,"edge_length_mean,edge_length_std,edge_length_max",8.0,3.0,12.0,3.99969220161438,0.828522264957428,2.6897544860839844,4.857025623321533,0.8,300.0,0.6339896440505981,2.2710810511332156,False,False,True,False
16,cand_0000,18,mp-19774_Eu(CdSb)2,C:\Users\Admin\Downloads\final_CGCNN_GNN_model_for_TE_TC\model_edited\downloaded_cif_TE\mp-19774_Eu(CdSb)2.cif,Eu(CdSb)2,Mg2GaSb2,"{""Cd"": ""Sb"", ""Eu"": ""Ga"", ""Sb"": ""Mg""}",5,False,0.8435340598276315,0.04353405982763148,0.1857171654701233,0.05281991810113764,C:\Users\Admin\Downloads\final_CGCNN_GNN_model_for_TE_TC\model_edited\inverse_design_CGCNN_Prototype_CHGNet_TC0p8_T300K\initial_cifs\cand_0000__Mg2GaSb2.cif,Mg2GaSb2,106.81302740495683,2.5798534137476,0.892670157068063,C:\Users\Admin\Downloads\final_CGCNN_GNN_model_for_TE_TC\model_edited\inverse_design_CGCNN_Prototype_CHGNet_TC0p8_T300K\relaxed_cifs\cand_0000__Mg2GaSb2__relaxed.cif,Mg2GaSb2,134.20388557483872,25.643742935995817,-15.629034996032715,-3.125806999206543,0.040031125853934424,True,1.5006240606307983,1.5006240606307983,0,,5.0,3.0,12.0,3.453885078430176,0.5280766487121582,2.815004348754883,4.750387668609619,0.8,300.0,0.7006240606307983,0.39055956082282045,True,True,True,True
17,cand_0009,20,mp-20554_InAgSe2,C:\Users\Admin\Downloads\final_CGCNN_GNN_model_for_TE_TC\model_edited\downloaded_cif_TE\mp-20554_InAgSe2.cif,InAgSe2,Zn2PbSe,"{""Ag"": ""Pb"", ""In"": ""Se"", ""Se"": ""Zn""}",8,False,0.7964173259810171,0.0035826740189829342,2.0759637355804443,0.10738086079800516,C:\Users\Admin\Downloads\final_CGCNN_GNN_model_for_TE_TC\model_edited\inverse_design_CGCNN_Prototype_CHGNet_TC0p8_T300K\initial_cifs\cand_0009__Zn2PbSe.cif,Zn2PbSe,203.44422417293654,2.526087863085061,0.967741935483871,C:\Users\Admin\Downloads\final_CGCNN_GNN_model_for_TE_TC\model_edited\inverse_design_CGCNN_Prototype_CHGNet_TC0p8_T300K\relaxed_cifs\cand_0009__Zn2PbSe__relaxed.cif,Zn2PbSe,208.63935184666911,2.553588186075258,-21.588857650756836,-2.6986072063446045,0.02045119785659117,True,1.9143065214157104,1.9143065214157104,0,,8.0,3.0,12.0,3.5928337574005127,0.6903588175773621,2.503258228302002,4.246952533721924,0.8,300.0,1.1143065214157104,4.365711068225587,False,True,True,False
18,cand_0017,19,mp-20331_CuSbSe2,C:\Users\Admin\Downloads\final_CGCNN_GNN_model_for_TE_TC\model_edited\downloaded_cif_TE\mp-20331_CuSbSe2.cif,CuSbSe2,Tm2SnGe,"{""Cu"": ""Ge"", ""Sb"": ""Sn"", ""Se"": ""Tm""}",16,False,0.7885007594240108,0.011499240575989278,2.28006911277771,0.12550269621487478,C:\Users\Admin\Downloads\final_CGCNN_GNN_model_for_TE_TC\model_edited\inverse_design_CGCNN_Prototype_CHGNet_TC0p8_T300K\initial_cifs\cand_0017__Tm2SnGe.cif,Tm2SnGe,750.1953172761278,2.995214419449261,1.2504892367906066,C:\Users\Admin\Downloads\final_CGCNN_GNN_model_for_TE_TC\model_edited\inverse_design_CGCNN_Prototype_CHGNet_TC0p8_T300K\relaxed_cifs\cand_0017__Tm2SnGe__relaxed.cif,Tm2SnGe,420.98891221108147,-43.88275926066249,-80.5778579711914,-5.036116123199463,0.05240361391806214,True,2.0846054553985596,2.0846054553985596,0,,16.0,3.0,12.0,3.4449081420898438,0.5035983324050903,2.779280424118042,4.515265941619873,0.8,300.0,1.2846054553985595,4.794940678089325,False,True,True,False
19,cand_0016,41,mp-9257_Yb(CdSb)2,C:\Users\Admin\Downloads\final_CGCNN_GNN_model_for_TE_TC\model_edited\downloaded_cif_TE\mp-9257_Yb(CdSb)2.cif,Yb(CdSb)2,Cu2Pb2Se,"{""Cd"": ""Pb"", ""Sb"": ""Cu"", ""Yb"": ""Se""}",5,False,0.7707366775147009,0.02926332248529917,1.8337116241455078,0.12094890369257456,C:\Users\Admin\Downloads\final_CGCNN_GNN_model_for_TE_TC\model_edited\inverse_design_CGCNN_Prototype_CHGNet_TC0p8_T300K\initial_cifs\cand_0016__Cu2Pb2Se.cif,Cu2Pb2Se,100.61404325875152,2.6135388078332054,0.8977423638778222,C:\Users\Admin\Downloads\final_CGCNN_GNN_model_for_TE_TC\model_edited\inverse_design_CGCNN_Prototype_CHGNet_TC0p8_T300K\relaxed_cifs\cand_0016__Cu2Pb2Se__relaxed.cif,Cu2Pb2Se,115.0925331031539,14.390128232067664,-19.319744110107422,-3.8639488220214844,0.024581789982537888,True,3.224113941192627,3.224113941192627,0,,5.0,3.0,12.0,3.2220001220703125,0.5248056650161743,2.5515189170837402,4.3468017578125,0.8,300.0,2.424113941192627,3.8562596235466597,False,True,True,False
20,cand_0007,20,mp-20554_InAgSe2,C:\Users\Admin\Downloads\final_CGCNN_GNN_model_for_TE_TC\model_edited\downloaded_cif_TE\mp-20554_InAgSe2.cif,InAgSe2,Cu2PbSe,"{""Ag"": ""Pb"", ""In"": ""Se"", ""Se"": ""Cu""}",8,False,0.7684329687404237,0.031567031259576384,1.4881982803344727,0.10597694527630001,C:\Users\Admin\Downloads\final_CGCNN_GNN_model_for_TE_TC\model_edited\inverse_design_CGCNN_Prototype_CHGNet_TC0p8_T300K\initial_cifs\cand_0007__Cu2PbSe.cif,Cu2PbSe,228.32972056143012,2.6251501322256514,1.0056925996204935,C:\Users\Admin\Downloads\final_CGCNN_GNN_model_for_TE_TC\model_edited\inverse_design_CGCNN_Prototype_CHGNet_TC0p8_T300K\relaxed_cifs\cand_0007__Cu2PbSe__relaxed.cif,Cu2PbSe,164.46695306212862,-27.969537799228277,-31.009288787841797,-3.8761610984802246,0.000770756220666517,True,3.8578197956085205,3.8578197956085205,0,,8.0,3.0,12.0,3.252209424972534,0.49258652329444885,2.402430534362793,3.8536336421966553,0.8,300.0,3.0578197956085207,3.129651830046975,False,True,True,False
