final_rank,candidate_id,template_id,template_name,template_path,template_formula,formula,mapping_json,n_sites,is_known_formula,proxy_TC_300K,proxy_abs_error,composition_OOD_distance,proxy_score,initial_cif_path,initial_formula_check,initial_volume,initial_min_distance,initial_lattice_scale,relaxed_cif_path,relaxed_formula_check,relaxed_volume,volume_change_percent,final_total_energy_eV,final_energy_per_atom_eV,final_max_force_eV_per_A,relax_converged,TC_Basic_GNN,TC_Basic_GNN_raw,graph_OOD_count,graph_OOD_features,graph_n_atoms,graph_n_elements,graph_mean_degree,graph_edge_length_mean,graph_edge_length_std,graph_edge_length_min,graph_edge_length_max,target_TC,target_temperature_K,model_abs_error,composition_OOD_ratio,passes_composition_domain,passes_graph_domain,passes_relaxation_sanity,passes_all_diagnostic_checks
1,cand_0002,2,mp-1216671_TmCuTe2,C:\Users\Admin\Downloads\final_CGCNN_GNN_model_for_TE_TC\model_edited\downloaded_cif_TE\mp-1216671_TmCuTe2.cif,TmCuTe2,Eu2SbAs,"{""Cu"": ""As"", ""Te"": ""Eu"", ""Tm"": ""Sb""}",4,False,0.7832890471449283,0.016710952855071737,1.38883376121521,0.08615264091583223,C:\Users\Admin\Downloads\final_CGCNN_GNN_model_for_TE_TC\model_edited\inverse_design_Basic_GNN_Prototype_CHGNet_TC0p8_T300K\initial_cifs\cand_0002__Eu2SbAs.cif,Eu2SbAs,145.35333718924636,2.8342688881562594,1.093645484949833,C:\Users\Admin\Downloads\final_CGCNN_GNN_model_for_TE_TC\model_edited\inverse_design_Basic_GNN_Prototype_CHGNet_TC0p8_T300K\relaxed_cifs\cand_0002__Eu2SbAs__relaxed.cif,Eu2SbAs,138.76441843918437,-4.533035757881078,-33.063411712646484,-8.265852928161621,0.05818407679940503,False,0.7607383728027344,0.7607383728027344,1,edge_length_max,4.0,3.0,12.0,3.8029701709747314,0.7503769397735596,2.977428436279297,5.156589984893799,0.8,300.0,0.03926162719726567,2.920690192869538,False,False,False,False
2,cand_0018,12,mp-12360_AgSbTe2,C:\Users\Admin\Downloads\final_CGCNN_GNN_model_for_TE_TC\model_edited\downloaded_cif_TE\mp-12360_AgSbTe2.cif,AgSbTe2,EuAsO2,"{""Ag"": ""As"", ""Sb"": ""Eu"", ""Te"": ""O""}",4,False,0.821782152219311,0.021782152219310902,2.095628261566162,0.12656356529761903,C:\Users\Admin\Downloads\final_CGCNN_GNN_model_for_TE_TC\model_edited\inverse_design_Basic_GNN_Prototype_CHGNet_TC0p8_T300K\initial_cifs\cand_0018__EuAsO2.cif,EuAsO2,59.472422438720166,2.424853632270737,0.8017857142857143,C:\Users\Admin\Downloads\final_CGCNN_GNN_model_for_TE_TC\model_edited\inverse_design_Basic_GNN_Prototype_CHGNet_TC0p8_T300K\relaxed_cifs\cand_0018__EuAsO2__relaxed.cif,EuAsO2,61.689082920740866,3.72720731916499,-31.706077575683594,-7.926519393920898,0.03946631161801504,True,0.7237095832824707,0.7237095832824707,0,,4.0,3.0,12.0,2.9837520122528076,0.4938868284225464,2.4853100776672363,3.4907937049865723,0.8,300.0,0.07629041671752934,4.407065181149556,False,True,True,False
3,cand_0006,13,mp-1288145_LaCoO3,C:\Users\Admin\Downloads\final_CGCNN_GNN_model_for_TE_TC\model_edited\downloaded_cif_TE\mp-1288145_LaCoO3.cif,LaCoO3,EuSO3,"{""Co"": ""S"", ""La"": ""Eu"", ""O"": ""O""}",10,False,0.7823333468285664,0.017666653171433677,1.7154029607772827,0.10343680121029782,C:\Users\Admin\Downloads\final_CGCNN_GNN_model_for_TE_TC\model_edited\inverse_design_Basic_GNN_Prototype_CHGNet_TC0p8_T300K\initial_cifs\cand_0006__EuSO3.cif,EuSO3,99.16995768794632,1.8172432686158644,0.9435028248587572,C:\Users\Admin\Downloads\final_CGCNN_GNN_model_for_TE_TC\model_edited\inverse_design_Basic_GNN_Prototype_CHGNet_TC0p8_T300K\relaxed_cifs\cand_0006__EuSO3__relaxed.cif,EuSO3,145.96387808475185,47.185580681651466,-83.354248046875,-8.3354248046875,0.0361905755190468,True,0.709303617477417,0.709303617477417,1,edge_length_min,10.0,3.0,12.0,2.8483800888061523,0.5497577786445618,1.5430340766906738,3.7114124298095703,0.8,300.0,0.09069638252258305,3.607458822125521,False,False,True,False
4,cand_0008,36,mp-686651_Ca9LaTi10O30,C:\Users\Admin\Downloads\final_CGCNN_GNN_model_for_TE_TC\model_edited\downloaded_cif_TE\mp-686651_Ca9LaTi10O30.cif,Ca9LaTi10O30,Eu10Ru(Se3O10)3,"{""Ca"": ""Se"", ""La"": ""Ru"", ""O"": ""O"", ""Ti"": ""Eu""}",100,False,0.774656637207162,0.025343362792837998,1.6255475282669067,0.10662073920618334,C:\Users\Admin\Downloads\final_CGCNN_GNN_model_for_TE_TC\model_edited\inverse_design_Basic_GNN_Prototype_CHGNet_TC0p8_T300K\initial_cifs\cand_0008__Eu10Ru_Se3O10_3.cif,Eu10Ru(Se3O10)3,1041.3792798207735,1.8674963387060783,0.9655557624278533,C:\Users\Admin\Downloads\final_CGCNN_GNN_model_for_TE_TC\model_edited\inverse_design_Basic_GNN_Prototype_CHGNet_TC0p8_T300K\relaxed_cifs\cand_0008__Eu10Ru_Se3O10_3__relaxed.cif,Eu10Ru(Se3O10)3,1549.0557075885013,48.75038687682565,-805.964111328125,-8.05964111328125,0.06429940986996352,False,0.6818646192550659,0.6818646192550659,1,edge_length_min,100.0,4.0,12.0,2.9248034954071045,0.5385597348213196,1.7199325561523438,3.941797971725464,0.8,300.0,0.11813538074493413,3.418494607805533,False,False,False,False
5,cand_0003,20,mp-20554_InAgSe2,C:\Users\Admin\Downloads\final_CGCNN_GNN_model_for_TE_TC\model_edited\downloaded_cif_TE\mp-20554_InAgSe2.cif,InAgSe2,Tm2GaSb,"{""Ag"": ""Ga"", ""In"": ""Sb"", ""Se"": ""Tm""}",8,False,0.8033564072113246,0.0033564072113245746,1.6846901178359985,0.0875909131031245,C:\Users\Admin\Downloads\final_CGCNN_GNN_model_for_TE_TC\model_edited\inverse_design_Basic_GNN_Prototype_CHGNet_TC0p8_T300K\initial_cifs\cand_0003__Tm2GaSb.cif,Tm2GaSb,403.93261852989133,3.1749457259559293,1.2163187855787478,C:\Users\Admin\Downloads\final_CGCNN_GNN_model_for_TE_TC\model_edited\inverse_design_Basic_GNN_Prototype_CHGNet_TC0p8_T300K\relaxed_cifs\cand_0003__Tm2GaSb__relaxed.cif,Tm2GaSb,303.0792183114412,-24.96787721316121,-32.47218322753906,-4.059022903442383,0.02590759214001382,True,0.940849781036377,0.940849781036377,2,"edge_length_mean,edge_length_std",8.0,3.0,12.0,4.116430282592773,0.8541401624679565,2.8678860664367676,4.783485412597656,0.8,300.0,0.1408497810363769,3.5428703150782392,False,False,True,False
6,cand_0011,21,mp-22261_InCuTe2,C:\Users\Admin\Downloads\final_CGCNN_GNN_model_for_TE_TC\model_edited\downloaded_cif_TE\mp-22261_InCuTe2.cif,InCuTe2,TeAs2Pb,"{""Cu"": ""Pb"", ""In"": ""Te"", ""Te"": ""As""}",8,False,0.8137451615722123,0.013745161572212283,1.9898031949996948,0.11323532132219703,C:\Users\Admin\Downloads\final_CGCNN_GNN_model_for_TE_TC\model_edited\inverse_design_Basic_GNN_Prototype_CHGNet_TC0p8_T300K\initial_cifs\cand_0011__TeAs2Pb.cif,TeAs2Pb,207.4190432497469,2.4525590800996415,0.9490909090909091,C:\Users\Admin\Downloads\final_CGCNN_GNN_model_for_TE_TC\model_edited\inverse_design_Basic_GNN_Prototype_CHGNet_TC0p8_T300K\relaxed_cifs\cand_0011__TeAs2Pb__relaxed.cif,TeAs2Pb,262.98282257360063,26.78817646311824,-31.467554092407227,-3.9334442615509033,0.03482374599698905,True,0.9449611306190491,0.9449611306190491,1,edge_length_std,8.0,3.0,12.0,3.926010847091675,0.8161529898643494,2.7103073596954346,4.614707946777344,0.8,300.0,0.14496113061904903,4.184517139251436,False,False,True,False
7,cand_0019,21,mp-22261_InCuTe2,C:\Users\Admin\Downloads\final_CGCNN_GNN_model_for_TE_TC\model_edited\downloaded_cif_TE\mp-22261_InCuTe2.cif,InCuTe2,Eu2CuTe,"{""Cu"": ""Te"", ""In"": ""Cu"", ""Te"": ""Eu""}",8,False,0.7851131098602545,0.014886890139745534,2.2386481761932373,0.1268192989494074,C:\Users\Admin\Downloads\final_CGCNN_GNN_model_for_TE_TC\model_edited\inverse_design_Basic_GNN_Prototype_CHGNet_TC0p8_T300K\initial_cifs\cand_0019__Eu2CuTe.cif,Eu2CuTe,430.7842387030805,3.1291271021960934,1.210909090909091,C:\Users\Admin\Downloads\final_CGCNN_GNN_model_for_TE_TC\model_edited\inverse_design_Basic_GNN_Prototype_CHGNet_TC0p8_T300K\relaxed_cifs\cand_0019__Eu2CuTe__relaxed.cif,Eu2CuTe,326.95668249190106,-24.101985839538326,-59.329566955566406,-7.416195869445801,0.002276999719261698,True,0.9921960830688477,0.9921960830688477,3,"edge_length_mean,edge_length_std,edge_length_max",8.0,3.0,12.0,4.204524993896484,0.8701144456863403,2.8543105125427246,5.042206287384033,0.8,300.0,0.1921960830688476,4.707833259879757,False,False,True,False
8,cand_0012,24,mp-22811_InCuSe2,C:\Users\Admin\Downloads\final_CGCNN_GNN_model_for_TE_TC\model_edited\downloaded_cif_TE\mp-22811_InCuSe2.cif,InCuSe2,Tm2ZnSb,"{""Cu"": ""Zn"", ""In"": ""Sb"", ""Se"": ""Tm""}",8,False,0.8241535821999935,0.024153582199993417,1.815907597541809,0.11494896207708388,C:\Users\Admin\Downloads\final_CGCNN_GNN_model_for_TE_TC\model_edited\inverse_design_Basic_GNN_Prototype_CHGNet_TC0p8_T300K\initial_cifs\cand_0012__Tm2ZnSb.cif,Tm2ZnSb,381.0963413891276,3.0199943037554156,1.2470817120622566,C:\Users\Admin\Downloads\final_CGCNN_GNN_model_for_TE_TC\model_edited\inverse_design_Basic_GNN_Prototype_CHGNet_TC0p8_T300K\relaxed_cifs\cand_0012__Tm2ZnSb__relaxed.cif,Tm2ZnSb,309.01821157257166,-18.913361790308773,-27.822734832763672,-3.477841854095459,0.022773991420779256,True,1.0407087802886963,1.0407087802886963,2,"edge_length_mean,edge_length_std",8.0,3.0,12.0,4.161281108856201,0.8724329471588135,2.9224541187286377,4.787464141845703,0.8,300.0,0.24070878028869624,3.818818104376279,False,False,True,False
9,cand_0005,41,mp-9257_Yb(CdSb)2,C:\Users\Admin\Downloads\final_CGCNN_GNN_model_for_TE_TC\model_edited\downloaded_cif_TE\mp-9257_Yb(CdSb)2.cif,Yb(CdSb)2,Yb(TmAs)2,"{""Cd"": ""Tm"", ""Sb"": ""As"", ""Yb"": ""Yb""}",5,False,0.7989001037922603,0.001099896207739759,2.0428972244262695,0.10324475742905324,C:\Users\Admin\Downloads\final_CGCNN_GNN_model_for_TE_TC\model_edited\inverse_design_Basic_GNN_Prototype_CHGNet_TC0p8_T300K\initial_cifs\cand_0005__Yb_TmAs_2.cif,Yb(TmAs)2,169.90499825789314,3.1122762430558137,1.0690571049136788,C:\Users\Admin\Downloads\final_CGCNN_GNN_model_for_TE_TC\model_edited\inverse_design_Basic_GNN_Prototype_CHGNet_TC0p8_T300K\relaxed_cifs\cand_0005__Yb_TmAs_2__relaxed.cif,Yb(TmAs)2,131.52852648963653,-22.58701754612671,-26.119792938232422,-5.223958587646484,0.02638000261262399,True,1.2548744678497314,1.2548744678497314,0,,5.0,3.0,12.0,3.50738525390625,0.6130813956260681,2.7547807693481445,4.46561861038208,0.8,300.0,0.4548744678497314,4.29617284303447,False,True,True,False
10,cand_0010,39,mp-7427_Ba(ZnAs)2,C:\Users\Admin\Downloads\final_CGCNN_GNN_model_for_TE_TC\model_edited\downloaded_cif_TE\mp-7427_Ba(ZnAs)2.cif,Ba(ZnAs)2,Eu2In2As,"{""As"": ""Eu"", ""Ba"": ""As"", ""Zn"": ""In""}",20,False,0.7244266290131602,0.0755733709868398,0.6480912566184998,0.1079779338177648,C:\Users\Admin\Downloads\final_CGCNN_GNN_model_for_TE_TC\model_edited\inverse_design_Basic_GNN_Prototype_CHGNet_TC0p8_T300K\initial_cifs\cand_0010__Eu2In2As.cif,Eu2In2As,703.7873224710831,2.8740184112554004,1.1463414634146338,C:\Users\Admin\Downloads\final_CGCNN_GNN_model_for_TE_TC\model_edited\inverse_design_Basic_GNN_Prototype_CHGNet_TC0p8_T300K\relaxed_cifs\cand_0010__Eu2In2As__relaxed.cif,Eu2In2As,614.6800532861947,-12.661107459569168,-136.283447265625,-6.81417236328125,0.027965053342389794,True,1.2553927898406982,1.2553927898406982,0,,20.0,3.0,12.0,3.6085760593414307,0.5523184537887573,2.919832468032837,4.676032543182373,0.8,300.0,0.4553927898406982,1.3629232166950704,False,True,True,False
11,cand_0001,24,mp-22811_InCuSe2,C:\Users\Admin\Downloads\final_CGCNN_GNN_model_for_TE_TC\model_edited\downloaded_cif_TE\mp-22811_InCuSe2.cif,InCuSe2,TlSbSe2,"{""Cu"": ""Sb"", ""In"": ""Tl"", ""Se"": ""Se""}",8,False,0.8005723592235934,0.0005723592235933328,1.6729906797409058,0.08422189321063862,C:\Users\Admin\Downloads\final_CGCNN_GNN_model_for_TE_TC\model_edited\inverse_design_Basic_GNN_Prototype_CHGNet_TC0p8_T300K\initial_cifs\cand_0001__TlSbSe2.cif,TlSbSe2,208.18745293869281,2.468762894177595,1.0194552529182879,C:\Users\Admin\Downloads\final_CGCNN_GNN_model_for_TE_TC\model_edited\inverse_design_Basic_GNN_Prototype_CHGNet_TC0p8_T300K\relaxed_cifs\cand_0001__TlSbSe2__relaxed.cif,TlSbSe2,314.6296990627555,51.128079344631715,-30.961687088012695,-3.870210886001587,0.024897630686371318,True,1.4311363697052002,1.4311363697052002,3,"edge_length_mean,edge_length_std,edge_length_max",8.0,3.0,12.0,4.136430740356445,0.8583329319953918,2.752711772918701,5.087846279144287,0.8,300.0,0.6311363697052002,3.518266625953831,False,False,False,False
12,cand_0004,21,mp-22261_InCuTe2,C:\Users\Admin\Downloads\final_CGCNN_GNN_model_for_TE_TC\model_edited\downloaded_cif_TE\mp-22261_InCuTe2.cif,InCuTe2,TlCdSe2,"{""Cu"": ""Cd"", ""In"": ""Tl"", ""Te"": ""Se""}",8,False,0.813660493896101,0.013660493896100911,1.6731616258621216,0.097318575189207,C:\Users\Admin\Downloads\final_CGCNN_GNN_model_for_TE_TC\model_edited\inverse_design_Basic_GNN_Prototype_CHGNet_TC0p8_T300K\initial_cifs\cand_0004__TlCdSe2.cif,TlCdSe2,215.87588638200836,2.485447803395996,0.9618181818181817,C:\Users\Admin\Downloads\final_CGCNN_GNN_model_for_TE_TC\model_edited\inverse_design_Basic_GNN_Prototype_CHGNet_TC0p8_T300K\relaxed_cifs\cand_0004__TlCdSe2__relaxed.cif,TlCdSe2,271.91897795834234,25.960792803491533,-25.683374404907227,-3.2104218006134033,0.028936276951206947,True,1.4316842555999756,1.4316842555999756,2,"edge_length_mean,edge_length_std",8.0,3.0,12.0,3.9559504985809326,0.8193978071212769,2.688267707824707,4.737998962402344,0.8,300.0,0.6316842555999755,3.518626122297949,False,False,True,False
13,cand_0013,39,mp-7427_Ba(ZnAs)2,C:\Users\Admin\Downloads\final_CGCNN_GNN_model_for_TE_TC\model_edited\downloaded_cif_TE\mp-7427_Ba(ZnAs)2.cif,Ba(ZnAs)2,Ag2PbSe2,"{""As"": ""Se"", ""Ba"": ""Pb"", ""Zn"": ""Ag""}",20,False,0.856357555756601,0.05635755575660095,1.2336907386779785,0.11804209269049988,C:\Users\Admin\Downloads\final_CGCNN_GNN_model_for_TE_TC\model_edited\inverse_design_Basic_GNN_Prototype_CHGNet_TC0p8_T300K\initial_cifs\cand_0013__Ag2PbSe2.cif,Ag2PbSe2,426.2272277701488,2.4315850388093243,0.9698708751793397,C:\Users\Admin\Downloads\final_CGCNN_GNN_model_for_TE_TC\model_edited\inverse_design_Basic_GNN_Prototype_CHGNet_TC0p8_T300K\relaxed_cifs\cand_0013__Ag2PbSe2__relaxed.cif,Ag2PbSe2,511.60789549295674,20.03172537087451,-73.47361755371094,-3.673680877685547,0.03975114015173588,True,1.4493136405944824,1.4493136405944824,0,,20.0,3.0,12.0,3.4691781997680664,0.589653491973877,2.615272283554077,4.330870151519775,0.8,300.0,0.6493136405944824,2.5944274556934546,False,True,True,False
14,cand_0000,18,mp-19774_Eu(CdSb)2,C:\Users\Admin\Downloads\final_CGCNN_GNN_model_for_TE_TC\model_edited\downloaded_cif_TE\mp-19774_Eu(CdSb)2.cif,Eu(CdSb)2,Mg2GaSb2,"{""Cd"": ""Sb"", ""Eu"": ""Ga"", ""Sb"": ""Mg""}",5,False,0.8435340598276315,0.04353405982763148,0.1857171654701233,0.05281991810113764,C:\Users\Admin\Downloads\final_CGCNN_GNN_model_for_TE_TC\model_edited\inverse_design_Basic_GNN_Prototype_CHGNet_TC0p8_T300K\initial_cifs\cand_0000__Mg2GaSb2.cif,Mg2GaSb2,106.81302740495683,2.5798534137476,0.892670157068063,C:\Users\Admin\Downloads\final_CGCNN_GNN_model_for_TE_TC\model_edited\inverse_design_Basic_GNN_Prototype_CHGNet_TC0p8_T300K\relaxed_cifs\cand_0000__Mg2GaSb2__relaxed.cif,Mg2GaSb2,134.2043524020348,25.644179986800783,-15.62903881072998,-3.125807762145996,0.04002566222192188,True,1.4906011819839478,1.4906011819839478,0,,5.0,3.0,12.0,3.4538872241973877,0.5280724167823792,2.8150110244750977,4.750352382659912,0.8,300.0,0.6906011819839477,0.39055956082282045,True,True,True,True
15,cand_0014,12,mp-12360_AgSbTe2,C:\Users\Admin\Downloads\final_CGCNN_GNN_model_for_TE_TC\model_edited\downloaded_cif_TE\mp-12360_AgSbTe2.cif,AgSbTe2,SbPb2Se,"{""Ag"": ""Se"", ""Sb"": ""Sb"", ""Te"": ""Pb""}",4,False,0.7988611766439131,0.0011388233560869487,2.3728528022766113,0.11978146346991753,C:\Users\Admin\Downloads\final_CGCNN_GNN_model_for_TE_TC\model_edited\inverse_design_Basic_GNN_Prototype_CHGNet_TC0p8_T300K\initial_cifs\cand_0014__SbPb2Se.cif,SbPb2Se,109.90853071468742,2.975711250292151,0.9839285714285715,C:\Users\Admin\Downloads\final_CGCNN_GNN_model_for_TE_TC\model_edited\inverse_design_Basic_GNN_Prototype_CHGNet_TC0p8_T300K\relaxed_cifs\cand_0014__SbPb2Se__relaxed.cif,SbPb2Se,125.8464689128087,14.501092949276822,-16.764768600463867,-4.191192150115967,0.039689358938918354,True,1.6528394222259521,1.6528394222259521,0,,4.0,3.0,12.0,3.782302141189575,0.6283459663391113,3.0981509685516357,4.497305870056152,0.8,300.0,0.8528394222259521,4.990062959492232,False,True,True,False
16,cand_0009,20,mp-20554_InAgSe2,C:\Users\Admin\Downloads\final_CGCNN_GNN_model_for_TE_TC\model_edited\downloaded_cif_TE\mp-20554_InAgSe2.cif,InAgSe2,Zn2PbSe,"{""Ag"": ""Pb"", ""In"": ""Se"", ""Se"": ""Zn""}",8,False,0.7964173259810171,0.0035826740189829342,2.0759637355804443,0.10738086079800516,C:\Users\Admin\Downloads\final_CGCNN_GNN_model_for_TE_TC\model_edited\inverse_design_Basic_GNN_Prototype_CHGNet_TC0p8_T300K\initial_cifs\cand_0009__Zn2PbSe.cif,Zn2PbSe,203.44422417293654,2.526087863085061,0.967741935483871,C:\Users\Admin\Downloads\final_CGCNN_GNN_model_for_TE_TC\model_edited\inverse_design_Basic_GNN_Prototype_CHGNet_TC0p8_T300K\relaxed_cifs\cand_0009__Zn2PbSe__relaxed.cif,Zn2PbSe,208.6393776259491,2.553600857499126,-21.58885955810547,-2.6986074447631836,0.02042188683084106,True,1.7543904781341553,1.7543904781341553,0,,8.0,3.0,12.0,3.5928351879119873,0.6903597712516785,2.503260850906372,4.246960163116455,0.8,300.0,0.9543904781341552,4.365711068225587,False,True,True,False
17,cand_0016,41,mp-9257_Yb(CdSb)2,C:\Users\Admin\Downloads\final_CGCNN_GNN_model_for_TE_TC\model_edited\downloaded_cif_TE\mp-9257_Yb(CdSb)2.cif,Yb(CdSb)2,Cu2Pb2Se,"{""Cd"": ""Pb"", ""Sb"": ""Cu"", ""Yb"": ""Se""}",5,False,0.7707366775147009,0.02926332248529917,1.8337116241455078,0.12094890369257456,C:\Users\Admin\Downloads\final_CGCNN_GNN_model_for_TE_TC\model_edited\inverse_design_Basic_GNN_Prototype_CHGNet_TC0p8_T300K\initial_cifs\cand_0016__Cu2Pb2Se.cif,Cu2Pb2Se,100.61404325875152,2.6135388078332054,0.8977423638778222,C:\Users\Admin\Downloads\final_CGCNN_GNN_model_for_TE_TC\model_edited\inverse_design_Basic_GNN_Prototype_CHGNet_TC0p8_T300K\relaxed_cifs\cand_0016__Cu2Pb2Se__relaxed.cif,Cu2Pb2Se,115.09256874260913,14.390163654016806,-19.31974220275879,-3.863948440551758,0.024554759274252835,True,2.1758627891540527,2.1758627891540527,0,,5.0,3.0,12.0,3.2220001220703125,0.5248056650161743,2.551570177078247,4.346802234649658,0.8,300.0,1.3758627891540527,3.8562596235466597,False,True,True,False
18,cand_0017,19,mp-20331_CuSbSe2,C:\Users\Admin\Downloads\final_CGCNN_GNN_model_for_TE_TC\model_edited\downloaded_cif_TE\mp-20331_CuSbSe2.cif,CuSbSe2,Tm2SnGe,"{""Cu"": ""Ge"", ""Sb"": ""Sn"", ""Se"": ""Tm""}",16,False,0.7885007594240108,0.011499240575989278,2.28006911277771,0.12550269621487478,C:\Users\Admin\Downloads\final_CGCNN_GNN_model_for_TE_TC\model_edited\inverse_design_Basic_GNN_Prototype_CHGNet_TC0p8_T300K\initial_cifs\cand_0017__Tm2SnGe.cif,Tm2SnGe,750.1953172761278,2.995214419449261,1.2504892367906066,C:\Users\Admin\Downloads\final_CGCNN_GNN_model_for_TE_TC\model_edited\inverse_design_Basic_GNN_Prototype_CHGNet_TC0p8_T300K\relaxed_cifs\cand_0017__Tm2SnGe__relaxed.cif,Tm2SnGe,420.98883583610717,-43.88276944134111,-80.57785034179688,-5.036115646362305,0.052327196067895994,True,2.520228147506714,2.520228147506714,0,,16.0,3.0,12.0,3.4449117183685303,0.5036016702651978,2.7792789936065674,4.515080451965332,0.8,300.0,1.7202281475067138,4.794940678089325,False,True,True,False
19,cand_0007,20,mp-20554_InAgSe2,C:\Users\Admin\Downloads\final_CGCNN_GNN_model_for_TE_TC\model_edited\downloaded_cif_TE\mp-20554_InAgSe2.cif,InAgSe2,Cu2PbSe,"{""Ag"": ""Pb"", ""In"": ""Se"", ""Se"": ""Cu""}",8,False,0.7684329687404237,0.031567031259576384,1.4881982803344727,0.10597694527630001,C:\Users\Admin\Downloads\final_CGCNN_GNN_model_for_TE_TC\model_edited\inverse_design_Basic_GNN_Prototype_CHGNet_TC0p8_T300K\initial_cifs\cand_0007__Cu2PbSe.cif,Cu2PbSe,228.32972056143012,2.6251501322256514,1.0056925996204935,C:\Users\Admin\Downloads\final_CGCNN_GNN_model_for_TE_TC\model_edited\inverse_design_Basic_GNN_Prototype_CHGNet_TC0p8_T300K\relaxed_cifs\cand_0007__Cu2PbSe__relaxed.cif,Cu2PbSe,164.46690737402457,-27.969557808933516,-31.009288787841797,-3.8761610984802246,0.0007307739726223818,True,2.551621198654175,2.551621198654175,0,,8.0,3.0,12.0,3.2522077560424805,0.4925846755504608,2.4024603366851807,3.8536252975463867,0.8,300.0,1.7516211986541748,3.129651830046975,False,True,True,False
20,cand_0015,24,mp-22811_InCuSe2,C:\Users\Admin\Downloads\final_CGCNN_GNN_model_for_TE_TC\model_edited\downloaded_cif_TE\mp-22811_InCuSe2.cif,InCuSe2,InPbSe2,"{""Cu"": ""Pb"", ""In"": ""In"", ""Se"": ""Se""}",8,False,0.7334536360086499,0.06654636399135017,1.0799344778060913,0.12054308788165474,C:\Users\Admin\Downloads\final_CGCNN_GNN_model_for_TE_TC\model_edited\inverse_design_Basic_GNN_Prototype_CHGNet_TC0p8_T300K\initial_cifs\cand_0015__InPbSe2.cif,InPbSe2,212.99159142601394,2.487608412453759,1.0272373540856028,C:\Users\Admin\Downloads\final_CGCNN_GNN_model_for_TE_TC\model_edited\inverse_design_Basic_GNN_Prototype_CHGNet_TC0p8_T300K\relaxed_cifs\cand_0015__InPbSe2__relaxed.cif,InPbSe2,282.8494708806531,32.798421283642746,-32.42803192138672,-4.05350399017334,0.020977501737529356,True,3.132356643676758,3.132356643676758,3,"edge_length_mean,edge_length_std,edge_length_max",8.0,3.0,12.0,3.9996917247772217,0.8285220861434937,2.689754009246826,4.857026100158691,0.8,300.0,2.332356643676758,2.2710810511332156,False,False,True,False
